{
  "logout" : {
    "transaction" : "logout",
    "sampleCount" : 1,
    "errorCount" : 1,
    "errorPct" : 100.0,
    "meanResTime" : 32.0,
    "medianResTime" : 32.0,
    "minResTime" : 32.0,
    "maxResTime" : 32.0,
    "pct1ResTime" : 32.0,
    "pct2ResTime" : 32.0,
    "pct3ResTime" : 32.0,
    "throughput" : 31.25,
    "receivedKBytesPerSec" : 10.406494140625,
    "sentKBytesPerSec" : 9.1552734375
  },
  "GetUserProfile" : {
    "transaction" : "GetUserProfile",
    "sampleCount" : 1,
    "errorCount" : 1,
    "errorPct" : 100.0,
    "meanResTime" : 41.0,
    "medianResTime" : 41.0,
    "minResTime" : 41.0,
    "maxResTime" : 41.0,
    "pct1ResTime" : 41.0,
    "pct2ResTime" : 41.0,
    "pct3ResTime" : 41.0,
    "throughput" : 24.390243902439025,
    "receivedKBytesPerSec" : 8.527057926829269,
    "sentKBytesPerSec" : 3.52515243902439
  },
  "Total" : {
    "transaction" : "Total",
    "sampleCount" : 62,
    "errorCount" : 3,
    "errorPct" : 4.83871,
    "meanResTime" : 2520.2580645161297,
    "medianResTime" : 2548.0,
    "minResTime" : 32.0,
    "maxResTime" : 3736.0,
    "pct1ResTime" : 3282.6,
    "pct2ResTime" : 3445.4499999999994,
    "pct3ResTime" : 3736.0,
    "throughput" : 16.31578947368421,
    "receivedKBytesPerSec" : 6.023334703947369,
    "sentKBytesPerSec" : 21.061626233552634
  },
  "login" : {
    "transaction" : "login",
    "sampleCount" : 1,
    "errorCount" : 1,
    "errorPct" : 100.0,
    "meanResTime" : 2037.0,
    "medianResTime" : 2037.0,
    "minResTime" : 2037.0,
    "maxResTime" : 2037.0,
    "pct1ResTime" : 2037.0,
    "pct2ResTime" : 2037.0,
    "pct3ResTime" : 2037.0,
    "throughput" : 0.49091801669121254,
    "receivedKBytesPerSec" : 0.15532952871870398,
    "sentKBytesPerSec" : 0.31401494231713306
  },
  "HTTP Request" : {
    "transaction" : "HTTP Request",
    "sampleCount" : 59,
    "errorCount" : 0,
    "errorPct" : 0.0,
    "meanResTime" : 2612.6440677966093,
    "medianResTime" : 2658.0,
    "minResTime" : 1310.0,
    "maxResTime" : 3736.0,
    "pct1ResTime" : 3285.0,
    "pct2ResTime" : 3457.0,
    "pct3ResTime" : 3736.0,
    "throughput" : 15.526315789473685,
    "receivedKBytesPerSec" : 5.760433799342105,
    "sentKBytesPerSec" : 20.778166118421055
  }
}