{
  "Total" : {
    "transaction" : "Total",
    "sampleCount" : 110,
    "errorCount" : 56,
    "errorPct" : 50.909092,
    "meanResTime" : 425.89090909090896,
    "medianResTime" : 442.0,
    "minResTime" : 183.0,
    "maxResTime" : 2576.0,
    "pct1ResTime" : 477.8,
    "pct2ResTime" : 555.4999999999999,
    "pct3ResTime" : 2460.830000000001,
    "throughput" : 34.53689167974882,
    "receivedKBytesPerSec" : 32.54789295525902,
    "sentKBytesPerSec" : 8.96045918367347
  },
  "Create user request" : {
    "transaction" : "Create user request",
    "sampleCount" : 50,
    "errorCount" : 0,
    "errorPct" : 0.0,
    "meanResTime" : 325.63999999999993,
    "medianResTime" : 326.0,
    "minResTime" : 318.0,
    "maxResTime" : 343.0,
    "pct1ResTime" : 331.0,
    "pct2ResTime" : 332.45,
    "pct3ResTime" : 343.0,
    "throughput" : 19.06941266209001,
    "receivedKBytesPerSec" : 18.05597766495042,
    "sentKBytesPerSec" : 4.220224899885584
  },
  "HTTP Request" : {
    "transaction" : "HTTP Request",
    "sampleCount" : 10,
    "errorCount" : 6,
    "errorPct" : 60.0,
    "meanResTime" : 482.3,
    "medianResTime" : 453.5,
    "minResTime" : 183.0,
    "maxResTime" : 1529.0,
    "pct1ResTime" : 1422.4000000000005,
    "pct2ResTime" : 1529.0,
    "pct3ResTime" : 1529.0,
    "throughput" : 6.540222367560497,
    "receivedKBytesPerSec" : 6.840408355134075,
    "sentKBytesPerSec" : 1.008497179529104
  },
  "RegisterUser" : {
    "transaction" : "RegisterUser",
    "sampleCount" : 50,
    "errorCount" : 50,
    "errorPct" : 100.0,
    "meanResTime" : 514.86,
    "medianResTime" : 455.5,
    "minResTime" : 437.0,
    "maxResTime" : 2576.0,
    "pct1ResTime" : 550.4,
    "pct2ResTime" : 674.4999999999993,
    "pct3ResTime" : 2576.0,
    "throughput" : 17.488632388947185,
    "receivedKBytesPerSec" : 16.04172131864288,
    "sentKBytesPerSec" : 5.5724521248688355
  }
}