{
  "logout" : {
    "transaction" : "logout",
    "sampleCount" : 1,
    "errorCount" : 0,
    "errorPct" : 0.0,
    "meanResTime" : 142.0,
    "medianResTime" : 142.0,
    "minResTime" : 142.0,
    "maxResTime" : 142.0,
    "pct1ResTime" : 142.0,
    "pct2ResTime" : 142.0,
    "pct3ResTime" : 142.0,
    "throughput" : 7.042253521126761,
    "receivedKBytesPerSec" : 2.785266285211268,
    "sentKBytesPerSec" : 3.3010563380281694
  },
  "GetUserProfile" : {
    "transaction" : "GetUserProfile",
    "sampleCount" : 1,
    "errorCount" : 0,
    "errorPct" : 0.0,
    "meanResTime" : 26.0,
    "medianResTime" : 26.0,
    "minResTime" : 26.0,
    "maxResTime" : 26.0,
    "pct1ResTime" : 26.0,
    "pct2ResTime" : 26.0,
    "pct3ResTime" : 26.0,
    "throughput" : 38.46153846153847,
    "receivedKBytesPerSec" : 14.911358173076923,
    "sentKBytesPerSec" : 12.620192307692308
  },
  "Total" : {
    "transaction" : "Total",
    "sampleCount" : 62,
    "errorCount" : 0,
    "errorPct" : 0.0,
    "meanResTime" : 3710.693548387097,
    "medianResTime" : 3860.5,
    "minResTime" : 26.0,
    "maxResTime" : 5068.0,
    "pct1ResTime" : 4636.900000000001,
    "pct2ResTime" : 4732.0,
    "pct3ResTime" : 5068.0,
    "throughput" : 11.165135962542768,
    "receivedKBytesPerSec" : 4.192729436790924,
    "sentKBytesPerSec" : 14.44654775571763
  },
  "login" : {
    "transaction" : "login",
    "sampleCount" : 1,
    "errorCount" : 0,
    "errorPct" : 0.0,
    "meanResTime" : 1499.0,
    "medianResTime" : 1499.0,
    "minResTime" : 1499.0,
    "maxResTime" : 1499.0,
    "pct1ResTime" : 1499.0,
    "pct2ResTime" : 1499.0,
    "pct3ResTime" : 1499.0,
    "throughput" : 0.66711140760507,
    "receivedKBytesPerSec" : 0.4026121581054036,
    "sentKBytesPerSec" : 0.4345344813208806
  },
  "HTTP Request" : {
    "transaction" : "HTTP Request",
    "sampleCount" : 59,
    "errorCount" : 0,
    "errorPct" : 0.0,
    "meanResTime" : 3871.118644067797,
    "medianResTime" : 3878.0,
    "minResTime" : 2506.0,
    "maxResTime" : 5068.0,
    "pct1ResTime" : 4651.0,
    "pct2ResTime" : 4735.0,
    "pct3ResTime" : 5068.0,
    "throughput" : 10.624887448226184,
    "receivedKBytesPerSec" : 3.9430051886367727,
    "sentKBytesPerSec" : 14.185744192328471
  }
}